<?xml version='1.0' encoding='utf-8'?>
<!DOCTYPE hibernate-configuration PUBLIC
        "-//Hibernate/Hibernate Configuration DTD 3.0//EN"
        "http://www.hibernate.org/dtd/hibernate-configuration-3.0.dtd">

<hibernate-configuration>
    <session-factory>

        <!-- 🔗 Database connection properties -->
        <property name="hibernate.connection.driver_class">org.postgresql.Driver</property>
        <property name="hibernate.connection.url">jdbc:postgresql://localhost:5432/demo</property>
        <property name="hibernate.connection.username">postgres</property>
        <property name="hibernate.connection.password">root</property>

        <!-- 🔧 Hibernate properties -->
        <property name="hibernate.dialect">org.hibernate.dialect.PostgreSQLDialect</property>
        <property name="hibernate.show_sql">true</property>
        <property name="hibernate.hbm2ddl.auto">update</property>

        <!-- 🧠 Mapping entity classes -->
        <mapping class="com.example.hibernatecrud.entity.Region"/>
        <mapping class="com.example.hibernatecrud.entity.Country"/>

    </session-factory>
</hibernate-configuration>
